<TICKER>,<PER>,<DATE>,<TIME>,<OPEN>,<HIGH>,<LOW>,<CLOSE>,<VOL>
US1.MCD_disappeared_874557,D,20190131,000000,180.2500000,181.8500000,176.8700000,179.1700000,6777429
US1.MCD_disappeared_874557,D,20190228,000000,182.1300000,183.9800000,182.0100000,183.8300000,1855897
US1.MCD_disappeared_874557,D,20190318,000000,185.7300000,186.2600000,183.5400000,184.2200000,70042
US1.MCD_disappeared_874557,D,20190319,000000,184.3400000,184.3400000,182.6000000,183.2400000,58930
US1.MCD_disappeared_874557,D,20190320,000000,183.5000000,183.5000000,182.3800000,182.7100000,26587
US1.MCD_disappeared_874557,D,20190321,000000,184.4400000,186.6000000,184.4400000,185.9900000,59852
US1.MCD_disappeared_874557,D,20190322,000000,186.0100000,188.6300000,186.0100000,186.8200000,180913
US1.MCD_disappeared_874557,D,20190325,000000,186.0000000,186.4600000,184.0100000,185.7400000,120202
US1.MCD_disappeared_874557,D,20190326,000000,186.9000000,188.8200000,186.3500000,187.5100000,99409
US1.MCD_disappeared_874557,D,20190327,000000,187.9450000,188.6400000,187.0700000,187.5800000,66393
US1.MCD_disappeared_874557,D,20190328,000000,188.0000000,189.4300000,188.0000000,189.3900000,92336
US1.MCD_disappeared_874557,D,20190329,000000,190.2600000,190.5100000,188.9400000,189.9200000,117724
US1.MCD_disappeared_874557,D,20190401,000000,190.7100000,190.8000000,187.7500000,188.4200000,162261
US1.MCD_disappeared_874557,D,20190402,000000,188.9500000,188.9500000,186.8100000,188.3900000,73564
US1.MCD_disappeared_874557,D,20190403,000000,188.8500000,189.2100000,187.6700000,188.3200000,117898
US1.MCD_disappeared_874557,D,20190404,000000,189.0600000,190.7000000,188.9700000,189.8500000,118978
US1.MCD_disappeared_874557,D,20190405,000000,190.5000000,191.2400000,190.1500000,190.7050000,112322
US1.MCD_disappeared_874557,D,20190408,000000,190.6300000,191.4700000,189.6200000,189.8500000,94677
US1.MCD_disappeared_874557,D,20190409,000000,189.3600000,190.2700000,188.4700000,190.1300000,99362
US1.MCD_disappeared_874557,D,20190410,000000,190.7100000,191.2300000,188.7700000,189.2200000,94230
US1.MCD_disappeared_874557,D,20190411,000000,189.2500000,189.4600000,188.1000000,188.9100000,88914
US1.MCD_disappeared_874557,D,20190412,000000,189.7200000,192.2500000,189.6500000,191.6000000,147242
US1.MCD_disappeared_874557,D,20190415,000000,191.7600000,192.3400000,190.8500000,191.8500000,94611
US1.MCD_disappeared_874557,D,20190416,000000,192.6600000,192.9900000,191.3900000,191.7500000,69230
US1.MCD_disappeared_874557,D,20190417,000000,191.9600000,192.2900000,191.3800000,191.6100000,109881
US1.MCD_disappeared_874557,D,20190418,000000,191.9400000,195.0000000,191.9400000,195.0000000,149393
US1.MCD_disappeared_874557,D,20190422,000000,193.7700000,194.7100000,193.4600000,193.9500000,85390
US1.MCD_disappeared_874557,D,20190423,000000,194.4500000,195.8650000,194.1500000,195.2500000,111463
US1.MCD_disappeared_874557,D,20190424,000000,195.6400000,198.2500000,195.5500000,197.5900000,150208
US1.MCD_disappeared_874557,D,20190425,000000,196.5300000,198.0000000,195.6800000,197.9400000,78066
US1.MCD_disappeared_874557,D,20190426,000000,198.4700000,198.4700000,196.5800000,197.3900000,122188
US1.MCD_disappeared_874557,D,20190429,000000,197.9600000,198.2800000,195.4200000,197.0400000,187064
US1.MCD_disappeared_874557,D,20190430,000000,198.8500000,200.0000000,195.5000000,197.5600000,1361515
US1.MCD_disappeared_874557,D,20190501,000000,195.3200000,197.0200000,193.9800000,194.1900000,201680
US1.MCD_disappeared_874557,D,20190502,000000,194.2400000,195.1500000,193.3300000,194.6100000,103153
US1.MCD_disappeared_874557,D,20190503,000000,195.6700000,197.9500000,194.8200000,197.5300000,137310
US1.MCD_disappeared_874557,D,20190506,000000,196.2000000,199.1600000,196.2000000,198.9800000,94014
US1.MCD_disappeared_874557,D,20190507,000000,198.0000000,199.6200000,196.7500000,198.0400000,131031
US1.MCD_disappeared_874557,D,20190508,000000,197.9800000,199.0800000,196.8300000,198.1400000,61630
US1.MCD_disappeared_874557,D,20190509,000000,197.0800000,198.2600000,196.4200000,197.6800000,96537
US1.MCD_disappeared_874557,D,20190510,000000,197.3000000,200.3600000,197.3000000,200.0000000,101089
US1.MCD_disappeared_874557,D,20190513,000000,199.1200000,199.8900000,197.3100000,199.0200000,181856
US1.MCD_disappeared_874557,D,20190514,000000,198.6800000,199.5800000,197.7150000,197.9700000,116758
US1.MCD_disappeared_874557,D,20190515,000000,198.0700000,199.7200000,197.8900000,199.0500000,111811
US1.MCD_disappeared_874557,D,20190516,000000,199.4150000,200.6100000,198.9200000,199.9400000,127147
US1.MCD_disappeared_874557,D,20190517,000000,198.9100000,200.3600000,198.9100000,199.2000000,110986
US1.MCD_disappeared_874557,D,20190520,000000,199.6400000,200.5800000,198.2800000,198.9800000,102604
US1.MCD_disappeared_874557,D,20190521,000000,200.8900000,201.0200000,199.0800000,199.8400000,80415
US1.MCD_disappeared_874557,D,20190522,000000,198.8900000,200.1500000,198.5300000,200.0000000,57665
US1.MCD_disappeared_874557,D,20190523,000000,199.0300000,199.4100000,198.1200000,198.9700000,131735
US1.MCD_disappeared_874557,D,20190524,000000,199.8200000,199.8200000,197.3400000,197.7700000,116399
US1.MCD_disappeared_874557,D,20190528,000000,197.7900000,199.3700000,196.4000000,196.7900000,85793
US1.MCD_disappeared_874557,D,20190529,000000,195.0100000,196.6700000,194.8800000,196.1800000,121812
US1.MCD_disappeared_874557,D,20190530,000000,196.0300000,199.4000000,195.8200000,199.3200000,107371
US1.MCD_disappeared_874557,D,20190531,000000,197.6600000,200.0300000,197.6200000,198.2000000,137672
US1.MCD_disappeared_874557,D,20190603,000000,198.4400000,199.1000000,197.3300000,198.6200000,129114
US1.MCD_disappeared_874557,D,20190604,000000,199.3300000,200.3000000,198.8200000,199.6150000,206077
US1.MCD_disappeared_874557,D,20190605,000000,200.2900000,200.5400000,199.2600000,200.0400000,240323
US1.MCD_disappeared_874557,D,20190606,000000,200.2000000,203.3600000,200.1600000,203.0700000,230754
US1.MCD_disappeared_874557,D,20190607,000000,203.5700000,206.3600000,203.5500000,205.5100000,205865
US1.MCD_disappeared_874557,D,20190610,000000,205.8650000,205.8650000,199.7500000,201.2800000,368899
US1.MCD_disappeared_874557,D,20190611,000000,202.4600000,203.6300000,201.4400000,203.2700000,176735
US1.MCD_disappeared_874557,D,20190612,000000,204.1300000,205.4900000,203.9300000,204.9700000,115020
US1.MCD_disappeared_874557,D,20190613,000000,205.1600000,205.1700000,203.6600000,204.3700000,118599
US1.MCD_disappeared_874557,D,20190614,000000,204.0000000,205.8000000,204.0000000,205.3600000,133399
US1.MCD_disappeared_874557,D,20190617,000000,205.4600000,205.6100000,203.0900000,203.7700000,131490
US1.MCD_disappeared_874557,D,20190618,000000,204.9900000,205.3800000,203.9300000,204.5100000,130908
US1.MCD_disappeared_874557,D,20190619,000000,204.5100000,204.9600000,202.6200000,204.5800000,138520
US1.MCD_disappeared_874557,D,20190620,000000,204.9500000,205.3800000,204.1800000,205.1100000,111776
US1.MCD_disappeared_874557,D,20190621,000000,205.1200000,205.9100000,203.9900000,204.2200000,194898
US1.MCD_disappeared_874557,D,20190624,000000,204.8600000,204.8600000,203.6600000,203.9200000,128154
US1.MCD_disappeared_874557,D,20190625,000000,204.9700000,206.3900000,204.7400000,205.6700000,201413
US1.MCD_disappeared_874557,D,20190626,000000,205.4700000,205.5400000,204.0300000,204.6000000,139493
US1.MCD_disappeared_874557,D,20190627,000000,204.7000000,206.3500000,204.2800000,206.2500000,130869
US1.MCD_disappeared_874557,D,20190628,000000,206.8400000,207.9800000,206.3200000,207.6500000,148865
US1.MCD_disappeared_874557,D,20190701,000000,208.8000000,209.4100000,206.1900000,206.2900000,159478
US1.MCD_disappeared_874557,D,20190702,000000,206.7400000,209.5400000,206.5900000,209.5300000,176033
US1.MCD_disappeared_874557,D,20190703,000000,209.9000000,212.8100000,209.7900000,212.7500000,197003
US1.MCD_disappeared_874557,D,20190705,000000,212.3000000,212.9950000,210.3000000,211.2300000,108302
US1.MCD_disappeared_874557,D,20190708,000000,211.3500000,212.5200000,211.3400000,212.1400000,121190
US1.MCD_disappeared_874557,D,20190709,000000,211.9400000,212.6600000,211.4900000,212.0900000,92459
US1.MCD_disappeared_874557,D,20190710,000000,212.3500000,213.4400000,212.0000000,213.0500000,99713
US1.MCD_disappeared_874557,D,20190711,000000,214.4400000,214.7900000,211.6200000,212.5700000,118737
US1.MCD_disappeared_874557,D,20190712,000000,213.2900000,213.3000000,211.2900000,212.9500000,120049
US1.MCD_disappeared_874557,D,20190715,000000,213.5000000,214.6400000,212.7200000,214.1500000,178946
US1.MCD_disappeared_874557,D,20190716,000000,214.5200000,214.8900000,212.1700000,213.7000000,171945
US1.MCD_disappeared_874557,D,20190717,000000,214.2000000,214.9000000,213.3550000,213.7100000,119284
US1.MCD_disappeared_874557,D,20190718,000000,214.1400000,215.9400000,213.3700000,215.9000000,180042
US1.MCD_disappeared_874557,D,20190719,000000,215.4900000,216.2300000,213.8100000,213.9300000,161620
US1.MCD_disappeared_874557,D,20190722,000000,214.1600000,215.3000000,212.5700000,215.0300000,136264
US1.MCD_disappeared_874557,D,20190723,000000,215.7300000,216.2200000,212.6500000,214.2900000,182025
US1.MCD_disappeared_874557,D,20190724,000000,213.9500000,214.9500000,212.3100000,212.7400000,192085
US1.MCD_disappeared_874557,D,20190725,000000,212.8700000,214.5100000,212.5500000,214.5100000,217683
US1.MCD_disappeared_874557,D,20190726,000000,217.5000000,218.9300000,214.4900000,215.4900000,275061
US1.MCD_disappeared_874557,D,20190729,000000,216.0000000,217.3000000,214.3100000,214.8600000,263213
US1.MCD_disappeared_874557,D,20190730,000000,214.0600000,215.1800000,211.5800000,212.2700000,201710
US1.MCD_disappeared_874557,D,20190731,000000,211.3600000,212.7000000,209.3700000,210.9200000,188512
US1.MCD_disappeared_874557,D,20190801,000000,211.0000000,213.1200000,210.1100000,211.3500000,215376
US1.MCD_disappeared_874557,D,20190802,000000,211.4400000,215.0800000,210.9600000,214.4500000,242335
US1.MCD_disappeared_874557,D,20190805,000000,213.6500000,214.4700000,209.4250000,210.5000000,229419
US1.MCD_disappeared_874557,D,20190806,000000,210.4500000,214.5200000,209.8900000,214.1300000,191616
US1.MCD_disappeared_874557,D,20190807,000000,213.7200000,217.5500000,211.4200000,216.8200000,286183
US1.MCD_disappeared_874557,D,20190808,000000,217.4800000,219.7200000,216.2900000,217.9800000,322479
US1.MCD_disappeared_874557,D,20190809,000000,218.4400000,221.9300000,218.2300000,221.1300000,318613
US1.MCD_disappeared_874557,D,20190812,000000,220.5700000,220.5700000,216.4300000,217.1400000,166060
US1.MCD_disappeared_874557,D,20190813,000000,219.5900000,220.2100000,218.3000000,219.6600000,221701
US1.MCD_disappeared_874557,D,20190814,000000,218.9400000,219.7400000,216.4900000,216.5900000,240096
US1.MCD_disappeared_874557,D,20190815,000000,215.9300000,218.4800000,215.7500000,218.2500000,151694
US1.MCD_disappeared_874557,D,20190816,000000,219.6100000,219.7900000,217.3100000,218.4300000,126769
US1.MCD_disappeared_874557,D,20190819,000000,219.9900000,220.1700000,217.1200000,218.7100000,175730
US1.MCD_disappeared_874557,D,20190820,000000,218.9300000,219.9100000,218.3500000,218.5000000,180327
US1.MCD_disappeared_874557,D,20190821,000000,219.8900000,220.7900000,218.7300000,220.7100000,117817
US1.MCD_disappeared_874557,D,20190822,000000,220.6000000,220.8200000,217.9200000,219.3600000,227671
US1.MCD_disappeared_874557,D,20190823,000000,219.0300000,219.4600000,213.9100000,214.5800000,321544
US1.MCD_disappeared_874557,D,20190826,000000,216.0400000,217.1800000,214.2100000,216.8800000,199326
US1.MCD_disappeared_874557,D,20190827,000000,217.6200000,217.7300000,216.0600000,216.0900000,114983
US1.MCD_disappeared_874557,D,20190828,000000,216.8100000,218.2100000,215.4000000,218.0400000,144656
US1.MCD_disappeared_874557,D,20190829,000000,219.8300000,221.0000000,218.4100000,220.4700000,204525
US1.MCD_disappeared_874557,D,20190830,000000,219.9100000,219.9500000,216.9500000,217.9200000,206814
US1.MCD_disappeared_874557,D,20190903,000000,218.0000000,218.6700000,216.2800000,217.1800000,121945
US1.MCD_disappeared_874557,D,20190904,000000,217.5200000,219.2500000,216.6250000,218.4300000,165197
US1.MCD_disappeared_874557,D,20190905,000000,220.0600000,220.1000000,218.4200000,219.4400000,147422
US1.MCD_disappeared_874557,D,20190906,000000,219.6200000,220.8200000,219.5700000,220.0500000,128128
US1.MCD_disappeared_874557,D,20190909,000000,220.4000000,220.4000000,217.1800000,217.2800000,195599
US1.MCD_disappeared_874557,D,20190910,000000,214.5100000,214.5100000,208.2900000,209.5600000,401407
US1.MCD_disappeared_874557,D,20190911,000000,210.0300000,211.5100000,208.5600000,210.1700000,235265
US1.MCD_disappeared_874557,D,20190912,000000,211.5200000,214.0000000,211.4300000,212.1600000,239642
US1.MCD_disappeared_874557,D,20190913,000000,212.4500000,212.4500000,208.9550000,209.8500000,303512
US1.MCD_disappeared_874557,D,20190916,000000,209.3100000,209.8100000,207.3500000,207.4250000,219460
US1.MCD_disappeared_874557,D,20190917,000000,208.0000000,210.8400000,207.5400000,209.8500000,273786
US1.MCD_disappeared_874557,D,20190918,000000,210.4500000,210.8800000,208.2900000,210.3800000,189970
US1.MCD_disappeared_874557,D,20190919,000000,210.0100000,211.8300000,209.9600000,210.5700000,194379
US1.MCD_disappeared_874557,D,20190920,000000,210.2600000,211.7700000,209.4200000,209.4200000,288602
US1.MCD_disappeared_874557,D,20190923,000000,209.8200000,212.4300000,209.6400000,211.5000000,160705
US1.MCD_disappeared_874557,D,20190924,000000,212.3700000,213.5100000,211.5700000,212.1000000,198819
US1.MCD_disappeared_874557,D,20190925,000000,212.3000000,213.1400000,211.0500000,212.6200000,173341
US1.MCD_disappeared_874557,D,20190926,000000,214.2400000,215.6400000,212.4900000,212.6300000,179722
US1.MCD_disappeared_874557,D,20190927,000000,213.3300000,213.5300000,212.3100000,213.1500000,145599
US1.MCD_disappeared_874557,D,20190930,000000,213.9000000,215.3500000,213.4300000,214.7400000,159145
US1.MCD_disappeared_874557,D,20191001,000000,211.0900000,211.6450000,208.5700000,209.0500000,263219
US1.MCD_disappeared_874557,D,20191002,000000,207.8600000,208.4800000,205.6300000,206.1400000,230845
US1.MCD_disappeared_874557,D,20191003,000000,206.5300000,209.9000000,206.4900000,209.6650000,130249
US1.MCD_disappeared_874557,D,20191004,000000,210.7300000,211.7000000,210.0500000,211.6800000,113406
US1.MCD_disappeared_874557,D,20191007,000000,211.3500000,212.8500000,211.1800000,212.1900000,171265
US1.MCD_disappeared_874557,D,20191008,000000,210.9700000,213.1400000,209.9700000,211.0800000,179288
US1.MCD_disappeared_874557,D,20191009,000000,211.7600000,213.4400000,211.7600000,212.8800000,111975
US1.MCD_disappeared_874557,D,20191010,000000,212.1500000,213.1100000,211.5300000,211.5800000,114375
US1.MCD_disappeared_874557,D,20191011,000000,212.9500000,213.1800000,208.6900000,209.0600000,302789
US1.MCD_disappeared_874557,D,20191014,000000,207.9500000,209.9900000,207.9500000,208.2700000,176787
US1.MCD_disappeared_874557,D,20191015,000000,209.5900000,209.6000000,206.5300000,207.2700000,206038
US1.MCD_disappeared_874557,D,20191016,000000,207.1500000,208.9100000,207.0500000,208.5500000,148273
US1.MCD_disappeared_874557,D,20191017,000000,208.8500000,209.4800000,206.8500000,206.8800000,191656
US1.MCD_disappeared_874557,D,20191018,000000,206.8600000,209.0300000,206.7900000,208.4800000,248136
US1.MCD_disappeared_874557,D,20191021,000000,209.2900000,210.7000000,208.4600000,209.8400000,177693
US1.MCD_disappeared_874557,D,20191022,000000,204.8600000,205.0900000,199.1900000,199.2300000,526363
US1.MCD_disappeared_874557,D,20191023,000000,200.0100000,201.1100000,198.0300000,199.1100000,402630
US1.MCD_disappeared_874557,D,20191024,000000,199.4700000,199.4700000,195.8100000,196.0000000,297493
US1.MCD_disappeared_874557,D,20191025,000000,196.0700000,196.5900000,194.4200000,194.5500000,238452
US1.MCD_disappeared_874557,D,20191028,000000,195.1100000,195.3200000,191.5000000,191.8100000,374041
US1.MCD_disappeared_874557,D,20191029,000000,191.8400000,193.1600000,191.6400000,192.5900000,266398
US1.MCD_disappeared_874557,D,20191030,000000,193.2100000,196.9800000,191.7500000,196.9800000,265936
US1.MCD_disappeared_874557,D,20191031,000000,197.0700000,197.3900000,195.6600000,196.7300000,155706
US1.MCD_disappeared_874557,D,20191101,000000,197.6700000,197.6700000,193.7200000,193.9400000,216358
US1.MCD_disappeared_874557,D,20191104,000000,190.0600000,190.7200000,187.5500000,188.6300000,1134544
US1.MCD_disappeared_874557,D,20191105,000000,189.5500000,192.9900000,189.5400000,192.1200000,534259
US1.MCD_disappeared_874557,D,20191106,000000,193.4400000,195.2700000,193.1500000,194.1700000,318521
US1.MCD_disappeared_874557,D,20191107,000000,195.7200000,195.9600000,192.3800000,193.0800000,261349
US1.MCD_disappeared_874557,D,20191108,000000,194.6800000,194.7800000,193.2500000,193.5900000,136863
US1.MCD_disappeared_874557,D,20191111,000000,193.6200000,194.2500000,192.5000000,192.5600000,127635
US1.MCD_disappeared_874557,D,20191112,000000,193.1200000,193.8400000,192.7700000,193.2600000,145810
US1.MCD_disappeared_874557,D,20191113,000000,193.7100000,195.0900000,193.5300000,194.9900000,182408
US1.MCD_disappeared_874557,D,20191114,000000,195.4000000,195.4000000,193.2500000,193.8800000,172786
US1.MCD_disappeared_874557,D,20191115,000000,194.5200000,194.6500000,193.3500000,193.9700000,147928
US1.MCD_disappeared_874557,D,20191118,000000,194.0800000,195.7200000,193.9100000,194.2300000,174012
US1.MCD_disappeared_874557,D,20191119,000000,194.1000000,194.2300000,193.0400000,193.4900000,183444
US1.MCD_disappeared_874557,D,20191120,000000,193.7300000,194.9700000,193.6400000,194.0800000,230788
US1.MCD_disappeared_874557,D,20191121,000000,194.3600000,194.6600000,192.2800000,192.3800000,201316
US1.MCD_disappeared_874557,D,20191122,000000,193.2600000,193.4100000,192.1900000,193.1300000,199966
US1.MCD_disappeared_874557,D,20191125,000000,193.9800000,194.2700000,191.6100000,191.8300000,223862
US1.MCD_disappeared_874557,D,20191126,000000,191.9900000,194.0300000,191.9700000,194.0200000,202116
US1.MCD_disappeared_874557,D,20191127,000000,194.2100000,196.6300000,193.9300000,196.3100000,283681
US1.MCD_disappeared_874557,D,20191129,000000,196.4000000,196.4800000,194.2800000,194.5800000,122414
US1.MCD_disappeared_874557,D,20191202,000000,195.1200000,195.5800000,193.8500000,195.2100000,168189
US1.MCD_disappeared_874557,D,20191203,000000,194.3600000,195.0000000,192.3500000,193.1600000,165934
US1.MCD_disappeared_874557,D,20191204,000000,193.5800000,194.4600000,192.9100000,194.2700000,95110
US1.MCD_disappeared_874557,D,20191205,000000,194.4500000,194.4500000,193.1600000,194.2300000,144335
US1.MCD_disappeared_874557,D,20191206,000000,194.6100000,195.7300000,194.1600000,195.4300000,197266
US1.MCD_disappeared_874557,D,20191209,000000,195.6600000,195.7000000,194.2900000,194.7100000,60938
US1.MCD_disappeared_874557,D,20191210,000000,194.7400000,195.3800000,194.3600000,195.2100000,103533
US1.MCD_disappeared_874557,D,20191211,000000,195.2400000,195.2400000,194.6500000,194.7100000,27566
US1.MCD_disappeared_874557,D,20191213,000000,197.1500000,197.1500000,197.1500000,197.1500000,100
US1.MCD_disappeared_874557,D,20191216,000000,197.9200000,198.1500000,196.4750000,197.9200000,237595
US1.MCD_disappeared_874557,D,20191217,000000,197.7100000,198.6300000,196.4800000,196.4900000,195451
US1.MCD_disappeared_874557,D,20191218,000000,196.6200000,196.6200000,194.7300000,195.7500000,211763
US1.MCD_disappeared_874557,D,20191219,000000,195.5000000,197.1600000,195.2900000,197.0350000,160083
US1.MCD_disappeared_874557,D,20191220,000000,198.0700000,198.8600000,196.6800000,197.1600000,144673
US1.MCD_disappeared_874557,D,20191223,000000,197.4200000,197.4600000,196.0400000,196.3000000,92308
US1.MCD_disappeared_874557,D,20191224,000000,195.9700000,197.1200000,195.7100000,196.6300000,35734
US1.MCD_disappeared_874557,D,20191226,000000,196.5200000,197.1200000,196.1800000,197.1200000,62687
US1.MCD_disappeared_874557,D,20191227,000000,197.3900000,198.4700000,197.2400000,198.1700000,129703
US1.MCD_disappeared_874557,D,20191230,000000,197.6600000,197.7200000,195.9600000,197.0200000,119033
US1.MCD_disappeared_874557,D,20191231,000000,197.5600000,197.6700000,196.8900000,197.6200000,90238
US1.MCD_disappeared_874557,D,20200102,000000,198.0200000,200.7900000,197.8900000,200.7800000,290460
US1.MCD_disappeared_874557,D,20200103,000000,199.3200000,200.5200000,198.8700000,200.2050000,167831
US1.MCD_disappeared_874557,D,20200106,000000,199.7000000,202.7600000,199.7000000,202.3300000,269879
US1.MCD_disappeared_874557,D,20200107,000000,201.8200000,202.6700000,200.5100000,202.6550000,209753
US1.MCD_disappeared_874557,D,20200108,000000,202.2500000,206.6800000,202.2500000,205.9000000,376684
US1.MCD_disappeared_874557,D,20200109,000000,206.8100000,209.3600000,206.1000000,208.3600000,313147
US1.MCD_disappeared_874557,D,20200110,000000,208.7900000,208.9500000,207.2900000,207.2900000,150084
US1.MCD_disappeared_874557,D,20200113,000000,207.6400000,207.7300000,205.7700000,206.5600000,124139
US1.MCD_disappeared_874557,D,20200114,000000,205.6900000,207.6500000,205.6900000,207.3000000,147296
US1.MCD_disappeared_874557,D,20200115,000000,207.5600000,210.3500000,207.5600000,209.7000000,211277
US1.MCD_disappeared_874557,D,20200116,000000,210.1200000,211.1000000,209.2200000,210.9100000,211911
US1.MCD_disappeared_874557,D,20200117,000000,211.4200000,212.7600000,211.4200000,211.9100000,160089
US1.MCD_disappeared_874557,D,20200121,000000,211.4900000,212.1700000,210.2600000,211.1700000,161416
US1.MCD_disappeared_874557,D,20200122,000000,213.0000000,213.6300000,211.4000000,211.4600000,133589
US1.MCD_disappeared_874557,D,20200123,000000,210.3000000,213.4800000,208.8400000,213.4700000,145272
US1.MCD_disappeared_874557,D,20200124,000000,213.8200000,213.8200000,210.9400000,211.2400000,195967
US1.MCD_disappeared_874557,D,20200127,000000,207.5300000,210.6000000,207.3600000,209.3600000,200097
US1.MCD_disappeared_874557,D,20200128,000000,210.0200000,212.1500000,210.0200000,210.5200000,233865
US1.MCD_disappeared_874557,D,20200129,000000,211.2300000,216.4000000,211.0000000,214.4200000,323275
US1.MCD_disappeared_874557,D,20200130,000000,214.0200000,216.7400000,213.0500000,216.2800000,263206
US1.MCD_disappeared_874557,D,20200131,000000,216.4100000,217.0900000,213.1700000,214.0200000,184632
US1.MCD_disappeared_874557,D,20200203,000000,214.5500000,216.8800000,214.2300000,215.1400000,191284
US1.MCD_disappeared_874557,D,20200204,000000,216.0500000,216.6100000,214.3600000,214.7000000,195298
US1.MCD_disappeared_874557,D,20200205,000000,215.7800000,215.7800000,213.0200000,214.3600000,172195
US1.MCD_disappeared_874557,D,20200206,000000,214.6600000,214.8100000,212.6400000,212.8400000,148060
US1.MCD_disappeared_874557,D,20200207,000000,212.4600000,212.6300000,211.0900000,211.5800000,109792
US1.MCD_disappeared_874557,D,20200210,000000,211.5800000,213.2500000,211.5400000,213.1400000,96714
US1.MCD_disappeared_874557,D,20200211,000000,214.1900000,215.8500000,213.6800000,215.8000000,136539
US1.MCD_disappeared_874557,D,20200212,000000,216.1900000,217.4500000,215.1700000,217.4500000,139329
US1.MCD_disappeared_874557,D,20200213,000000,216.6600000,218.3800000,216.3500000,217.4900000,152857
US1.MCD_disappeared_874557,D,20200214,000000,217.4800000,217.7600000,216.4200000,217.0900000,90749
US1.MCD_disappeared_874557,D,20200218,000000,216.2500000,217.0100000,215.6700000,216.1500000,156246
US1.MCD_disappeared_874557,D,20200219,000000,216.6900000,216.9200000,215.6500000,215.6900000,101592
US1.MCD_disappeared_874557,D,20200220,000000,216.0800000,216.4900000,212.9200000,215.0400000,178529
US1.MCD_disappeared_874557,D,20200221,000000,214.9800000,216.3600000,214.3600000,215.8800000,135095
US1.MCD_disappeared_874557,D,20200224,000000,210.1400000,215.0700000,210.1300000,213.5800000,213504
US1.MCD_disappeared_874557,D,20200225,000000,214.8900000,216.6900000,211.2000000,212.1400000,271124
US1.MCD_disappeared_874557,D,20200226,000000,212.8900000,214.4900000,209.8500000,210.1700000,216665
US1.MCD_disappeared_874557,D,20200227,000000,207.1700000,209.7700000,201.0200000,201.0200000,299802
US1.MCD_disappeared_874557,D,20200228,000000,195.9500000,198.3200000,188.8400000,193.7600000,556150
US1.MCD_disappeared_874557,D,20200302,000000,193.5300000,202.4100000,193.3100000,202.4100000,288307
US1.MCD_disappeared_874557,D,20200303,000000,201.3500000,205.3300000,197.2400000,199.5300000,213293
US1.MCD_disappeared_874557,D,20200304,000000,202.1000000,207.1200000,201.0700000,207.0000000,168268
US1.MCD_disappeared_874557,D,20200305,000000,202.6300000,203.7500000,196.3700000,198.2800000,188433
US1.MCD_disappeared_874557,D,20200306,000000,192.7600000,199.5800000,191.2700000,198.8200000,388470
US1.MCD_disappeared_874557,D,20200309,000000,186.7100000,194.4700000,184.1100000,187.1150000,421313
US1.MCD_disappeared_874557,D,20200310,000000,190.8900000,199.9700000,188.0800000,199.8800000,285542
US1.MCD_disappeared_874557,D,20200311,000000,194.4000000,195.7300000,185.9300000,188.3800000,234968
US1.MCD_disappeared_874557,D,20200312,000000,173.5600000,179.8300000,169.3900000,170.2000000,520561
US1.MCD_disappeared_874557,D,20200313,000000,178.9500000,179.4700000,168.2000000,177.1000000,416393
US1.MCD_disappeared_874557,D,20200316,000000,157.1000000,161.9000000,147.6300000,149.0050000,551499
US1.MCD_disappeared_874557,D,20200317,000000,148.0200000,149.4800000,135.0000000,147.6100000,816905
US1.MCD_disappeared_874557,D,20200318,000000,137.1200000,141.7100000,124.2600000,137.3100000,840508
US1.MCD_disappeared_874557,D,20200319,000000,134.2600000,154.7000000,128.2300000,149.8800000,659522
US1.MCD_disappeared_874557,D,20200320,000000,153.8500000,161.5400000,148.0000000,148.1800000,599290
US1.MCD_disappeared_874557,D,20200323,000000,142.9500000,152.9700000,136.5200000,136.8400000,579134
US1.MCD_disappeared_874557,D,20200324,000000,148.5000000,162.9200000,146.1000000,162.1300000,674595
US1.MCD_disappeared_874557,D,20200325,000000,165.0500000,171.3000000,159.3000000,162.3900000,633001
US1.MCD_disappeared_874557,D,20200326,000000,163.6100000,170.9300000,161.1700000,167.0000000,456957
US1.MCD_disappeared_874557,D,20200327,000000,161.0000000,169.7300000,159.2600000,163.4500000,321992
US1.MCD_disappeared_874557,D,20200330,000000,165.0100000,170.3100000,163.7000000,168.3000000,358185
US1.MCD_disappeared_874557,D,20200331,000000,166.4100000,169.4800000,165.0000000,165.4800000,288332
US1.MCD_disappeared_874557,D,20200401,000000,159.8000000,161.3900000,156.3500000,158.3400000,466317
US1.MCD_disappeared_874557,D,20200402,000000,155.5400000,161.8900000,155.4000000,161.6600000,313101
US1.MCD_disappeared_874557,D,20200403,000000,160.5400000,162.1700000,156.1500000,160.3500000,256795
US1.MCD_disappeared_874557,D,20200406,000000,169.2600000,177.8600000,168.2400000,177.0200000,616413
US1.MCD_disappeared_874557,D,20200407,000000,184.4300000,184.8600000,175.1600000,175.4100000,495040
US1.MCD_disappeared_874557,D,20200408,000000,175.5100000,179.4000000,174.1000000,177.4300000,318955
US1.MCD_disappeared_874557,D,20200409,000000,180.5700000,185.4600000,179.9200000,183.6700000,397992
US1.MCD_disappeared_874557,D,20200413,000000,182.3100000,182.3400000,176.9100000,180.2000000,234362
US1.MCD_disappeared_874557,D,20200414,000000,183.7600000,184.4600000,181.8900000,184.0000000,276185
US1.MCD_disappeared_874557,D,20200415,000000,178.9400000,180.9600000,177.3300000,177.6700000,298869
US1.MCD_disappeared_874557,D,20200416,000000,177.0300000,179.9000000,172.3400000,179.4800000,365993
US1.MCD_disappeared_874557,D,20200417,000000,183.4300000,186.8000000,180.3100000,186.1100000,378885
US1.MCD_disappeared_874557,D,20200420,000000,184.0100000,185.7800000,181.5700000,181.6200000,238285
US1.MCD_disappeared_874557,D,20200421,000000,177.0100000,179.3200000,176.1200000,177.5700000,295855
US1.MCD_disappeared_874557,D,20200422,000000,181.0000000,187.6300000,180.9600000,186.4400000,284106
US1.MCD_disappeared_874557,D,20200423,000000,185.8900000,187.3000000,181.3400000,182.2200000,308860
US1.MCD_disappeared_874557,D,20200424,000000,183.0600000,184.3500000,180.9500000,183.9200000,183063
US1.MCD_disappeared_874557,D,20200427,000000,185.0000000,188.3500000,184.8500000,185.8400000,207548
US1.MCD_disappeared_874557,D,20200428,000000,190.0000000,190.0000000,185.5800000,185.9600000,270307
US1.MCD_disappeared_874557,D,20200429,000000,188.5300000,190.3500000,186.8800000,188.0200000,253946
US1.MCD_disappeared_874557,D,20200430,000000,184.0500000,188.3100000,182.8600000,187.4300000,252074
US1.MCD_disappeared_874557,D,20200501,000000,183.5600000,185.4700000,182.1500000,182.6600000,253445
US1.MCD_disappeared_874557,D,20200504,000000,181.3100000,182.4600000,178.8900000,181.9200000,217167
US1.MCD_disappeared_874557,D,20200505,000000,183.5200000,183.7400000,179.1100000,179.1100000,238039
US1.MCD_disappeared_874557,D,20200506,000000,180.7400000,180.9300000,176.8700000,176.9400000,299024
US1.MCD_disappeared_874557,D,20200507,000000,179.5000000,181.5400000,178.3100000,180.9400000,232264
US1.MCD_disappeared_874557,D,20200508,000000,183.0000000,183.4300000,179.9400000,181.0800000,154753
US1.MCD_disappeared_874557,D,20200511,000000,179.1500000,182.8500000,178.7400000,180.8700000,158579
US1.MCD_disappeared_874557,D,20200512,000000,181.8300000,182.5650000,176.4400000,176.4700000,249330
US1.MCD_disappeared_874557,D,20200513,000000,176.0500000,176.5200000,171.0200000,172.9100000,402610
US1.MCD_disappeared_874557,D,20200514,000000,170.2200000,175.6600000,167.8900000,175.3900000,414988
US1.MCD_disappeared_874557,D,20200515,000000,173.3000000,174.6400000,171.7000000,173.7800000,321781
US1.MCD_disappeared_874557,D,20200518,000000,179.3300000,181.0500000,178.1400000,180.0000000,281565
US1.MCD_disappeared_874557,D,20200519,000000,180.1000000,181.4100000,178.0700000,179.6300000,256815
US1.MCD_disappeared_874557,D,20200520,000000,181.7500000,184.5900000,180.6100000,184.0300000,335397
US1.MCD_disappeared_874557,D,20200521,000000,184.4400000,185.4800000,182.1100000,185.1500000,212599
US1.MCD_disappeared_874557,D,20200522,000000,184.5600000,185.3500000,183.2200000,184.4300000,206517
US1.MCD_disappeared_874557,D,20200526,000000,189.7100000,190.6500000,184.2500000,184.8800000,271884
US1.MCD_disappeared_874557,D,20200527,000000,188.7500000,188.7500000,185.2900000,187.7000000,441467
US1.MCD_disappeared_874557,D,20200528,000000,189.4000000,190.4700000,186.7600000,188.7300000,293797
US1.MCD_disappeared_874557,D,20200529,000000,187.3400000,188.6400000,185.7200000,186.2600000,373673
US1.MCD_disappeared_874557,D,20200601,000000,186.6600000,187.7700000,185.6200000,187.4100000,71770
US1.MCD_disappeared_874557,D,20200602,000000,188.1900000,188.4500000,186.1100000,187.5700000,125293
US1.MCD_disappeared_874557,D,20200603,000000,188.3900000,193.8100000,188.1400000,193.2600000,194984
US1.MCD_disappeared_874557,D,20200604,000000,192.3900000,194.2300000,191.6400000,193.2200000,110262
US1.MCD_disappeared_874557,D,20200605,000000,198.0000000,200.1300000,196.2700000,197.0900000,284896
US1.MCD_disappeared_874557,D,20200608,000000,196.8100000,202.7300000,196.5100000,202.5900000,206755
US1.MCD_disappeared_874557,D,20200609,000000,200.1100000,201.5300000,199.0600000,199.6000000,171156
US1.MCD_disappeared_874557,D,20200610,000000,199.2200000,199.5000000,195.6900000,195.7700000,166404
US1.MCD_disappeared_874557,D,20200611,000000,190.5600000,192.8000000,186.3300000,187.3800000,370939
US1.MCD_disappeared_874557,D,20200612,000000,191.0700000,191.4400000,185.4500000,189.1200000,269190
US1.MCD_disappeared_874557,D,20200615,000000,185.0000000,190.0700000,184.2800000,189.5100000,243244
US1.MCD_disappeared_874557,D,20200616,000000,192.1800000,193.4900000,187.5800000,190.4100000,263381
US1.MCD_disappeared_874557,D,20200617,000000,191.6100000,192.8500000,190.4700000,190.7900000,130591
US1.MCD_disappeared_874557,D,20200618,000000,189.9600000,190.7200000,187.9700000,189.4700000,126656
US1.MCD_disappeared_874557,D,20200619,000000,191.8200000,191.8900000,186.5300000,186.6400000,228119
US1.MCD_disappeared_874557,D,20200622,000000,186.0000000,187.7500000,184.9800000,187.4800000,168751
US1.MCD_disappeared_874557,D,20200623,000000,188.7000000,189.7000000,186.3300000,186.7100000,143582
US1.MCD_disappeared_874557,D,20200624,000000,184.9000000,185.6750000,181.3600000,184.1300000,183285
US1.MCD_disappeared_874557,D,20200625,000000,183.4100000,183.9800000,180.3500000,182.7600000,130500
US1.MCD_disappeared_874557,D,20200626,000000,182.2500000,182.7600000,178.9300000,179.6200000,134705
US1.MCD_disappeared_874557,D,20200629,000000,180.7200000,182.8200000,179.2800000,182.8200000,88516
US1.MCD_disappeared_874557,D,20200630,000000,182.9800000,185.1400000,181.9300000,184.3600000,118358
US1.MCD_disappeared_874557,D,20200701,000000,184.7300000,186.4400000,183.8300000,184.7500000,82904
US1.MCD_disappeared_874557,D,20200702,000000,186.6400000,186.8100000,182.8900000,183.5600000,100824
US1.MCD_disappeared_874557,D,20200706,000000,186.0700000,188.7200000,184.1700000,188.4800000,127345
US1.MCD_disappeared_874557,D,20200707,000000,187.2500000,187.6000000,185.2800000,185.8600000,82866
US1.MCD_disappeared_874557,D,20200708,000000,185.4600000,187.2100000,184.8200000,185.8400000,108249
US1.MCD_disappeared_874557,D,20200709,000000,186.3200000,186.5800000,182.6400000,184.2100000,112446
US1.MCD_disappeared_874557,D,20200710,000000,184.0000000,185.4100000,183.0100000,184.9300000,117592
US1.MCD_disappeared_874557,D,20200713,000000,185.6000000,188.9200000,184.7400000,184.8200000,192461
US1.MCD_disappeared_874557,D,20200714,000000,185.1400000,190.8200000,184.8000000,190.8200000,261727
US1.MCD_disappeared_874557,D,20200715,000000,193.9000000,193.9000000,189.9100000,191.8200000,172582
US1.MCD_disappeared_874557,D,20200716,000000,190.9900000,192.7600000,190.1500000,190.9000000,84659
US1.MCD_disappeared_874557,D,20200717,000000,191.3400000,191.8900000,190.2000000,191.4800000,87685
US1.MCD_disappeared_874557,D,20200720,000000,190.6600000,192.7500000,190.4500000,191.7100000,75796
US1.MCD_disappeared_874557,D,20200721,000000,192.3000000,194.8300000,192.1400000,192.7800000,122548
US1.MCD_disappeared_874557,D,20200722,000000,193.3300000,199.6500000,193.3300000,198.6600000,177749
US1.MCD_disappeared_874557,D,20200723,000000,198.6600000,199.2100000,196.2000000,197.5500000,101606
US1.MCD_disappeared_874557,D,20200724,000000,197.4900000,198.8700000,195.8600000,198.7600000,76387
US1.MCD_disappeared_874557,D,20200727,000000,198.8600000,202.4800000,198.7100000,201.4150000,135555
US1.MCD_disappeared_874557,D,20200728,000000,198.5000000,199.7900000,195.5100000,196.2700000,196407
US1.MCD_disappeared_874557,D,20200729,000000,196.2400000,198.4250000,195.7900000,196.3300000,107187
US1.MCD_disappeared_874557,D,20200730,000000,194.7300000,196.3700000,193.0200000,195.3000000,112836
US1.MCD_disappeared_874557,D,20200731,000000,194.3100000,194.4500000,191.6700000,194.3000000,143351
US1.MCD_disappeared_874557,D,20200803,000000,194.3300000,195.5700000,193.6000000,194.3300000,129324
US1.MCD_disappeared_874557,D,20200804,000000,194.7500000,199.6900000,194.3400000,199.2300000,207969
US1.MCD_disappeared_874557,D,20200805,000000,199.9400000,200.4100000,197.9200000,199.3200000,97571
US1.MCD_disappeared_874557,D,20200806,000000,198.5800000,203.5500000,198.5800000,203.1300000,161021
US1.MCD_disappeared_874557,D,20200807,000000,203.4700000,205.1400000,203.4650000,204.6000000,135129
US1.MCD_disappeared_874557,D,20200810,000000,204.5100000,205.0300000,202.5800000,204.1500000,91527
US1.MCD_disappeared_874557,D,20200811,000000,204.8300000,207.4000000,204.3900000,205.0500000,116984
US1.MCD_disappeared_874557,D,20200812,000000,206.5950000,207.3800000,205.4500000,206.0300000,102053
US1.MCD_disappeared_874557,D,20200813,000000,205.9300000,207.2100000,205.4000000,206.4200000,64890
US1.MCD_disappeared_874557,D,20200814,000000,205.7800000,207.3000000,205.2000000,207.0300000,81823
US1.MCD_disappeared_874557,D,20200817,000000,207.0000000,209.4600000,206.9000000,208.5800000,121746
US1.MCD_disappeared_874557,D,20200818,000000,209.3000000,210.4200000,207.2300000,210.3600000,113384
US1.MCD_disappeared_874557,D,20200819,000000,210.0000000,211.1500000,208.6600000,209.6200000,98684
US1.MCD_disappeared_874557,D,20200820,000000,208.1800000,210.9400000,208.1800000,209.9400000,71469
US1.MCD_disappeared_874557,D,20200821,000000,209.4600000,212.1700000,209.4100000,211.5600000,103836
US1.MCD_disappeared_874557,D,20200824,000000,212.4600000,213.5000000,210.9300000,212.5100000,92381
US1.MCD_disappeared_874557,D,20200825,000000,213.9300000,214.0750000,212.2200000,212.6400000,109352
US1.MCD_disappeared_874557,D,20200826,000000,212.2650000,214.3900000,211.6000000,213.6900000,90833
US1.MCD_disappeared_874557,D,20200827,000000,214.2500000,216.1000000,212.1100000,212.1300000,148604
US1.MCD_disappeared_874557,D,20200828,000000,212.5000000,216.6900000,211.8000000,214.8300000,146337
US1.MCD_disappeared_874557,D,20200831,000000,213.3700000,214.9300000,212.9000000,213.5000000,118352
US1.MCD_disappeared_874557,D,20200901,000000,211.0000000,213.4500000,210.6600000,212.7200000,91553
US1.MCD_disappeared_874557,D,20200902,000000,213.2400000,217.0900000,213.1400000,216.2600000,135484
US1.MCD_disappeared_874557,D,20200903,000000,218.1000000,218.1000000,211.9200000,213.7700000,180968
US1.MCD_disappeared_874557,D,20200904,000000,215.1900000,217.7350000,210.8200000,211.7100000,188287
US1.MCD_disappeared_874557,D,20200908,000000,211.4900000,216.2500000,211.1900000,213.4100000,135550
US1.MCD_disappeared_874557,D,20200909,000000,214.9900000,218.1600000,214.5500000,215.8400000,109896
US1.MCD_disappeared_874557,D,20200910,000000,215.7300000,219.4200000,215.7200000,217.3700000,197808
US1.MCD_disappeared_874557,D,20200911,000000,217.5700000,219.1800000,216.4600000,217.9500000,105817
US1.MCD_disappeared_874557,D,20200914,000000,219.4200000,222.5600000,219.4200000,220.7700000,98369
US1.MCD_disappeared_874557,D,20200915,000000,221.7300000,223.6100000,221.4000000,222.3600000,112732
US1.MCD_disappeared_874557,D,20200916,000000,222.2300000,226.7200000,221.3000000,224.7400000,134328
US1.MCD_disappeared_874557,D,20200917,000000,223.4800000,223.6700000,220.5200000,222.6300000,120106
US1.MCD_disappeared_874557,D,20200918,000000,222.5600000,223.5200000,220.1900000,220.2700000,145944
US1.MCD_disappeared_874557,D,20200921,000000,216.9000000,217.8700000,213.4800000,216.4200000,120267
US1.MCD_disappeared_874557,D,20200922,000000,216.3800000,216.8500000,214.5500000,216.3600000,107561
US1.MCD_disappeared_874557,D,20200923,000000,217.4100000,219.6500000,214.2400000,214.8500000,103161
US1.MCD_disappeared_874557,D,20200924,000000,214.7800000,218.3900000,213.7400000,216.0400000,88320
US1.MCD_disappeared_874557,D,20200925,000000,215.1300000,219.2350000,213.6700000,218.2100000,82243
US1.MCD_disappeared_874557,D,20200928,000000,219.8800000,221.9700000,219.0300000,220.2400000,103177
US1.MCD_disappeared_874557,D,20200929,000000,220.3100000,220.8700000,218.5000000,218.6200000,114436
US1.MCD_disappeared_874557,D,20200930,000000,219.0600000,222.1700000,218.4400000,219.5000000,129675
US1.MCD_disappeared_874557,D,20201001,000000,221.3000000,223.0000000,217.7900000,219.7600000,113543
US1.MCD_disappeared_874557,D,20201002,000000,217.2200000,223.3300000,217.1200000,222.6800000,208544
US1.MCD_disappeared_874557,D,20201005,000000,224.8600000,226.4800000,224.1400000,225.9300000,85730
US1.MCD_disappeared_874557,D,20201006,000000,226.6900000,228.6600000,223.6500000,224.0300000,113597
US1.MCD_disappeared_874557,D,20201007,000000,225.9400000,228.3700000,225.2100000,226.4400000,71713
US1.MCD_disappeared_874557,D,20201008,000000,225.8000000,227.0000000,224.3600000,225.7500000,97933
US1.MCD_disappeared_874557,D,20201009,000000,226.7700000,227.1850000,223.1700000,224.8400000,125174
US1.MCD_disappeared_874557,D,20201012,000000,224.8000000,226.4900000,223.2200000,226.1400000,104914
US1.MCD_disappeared_874557,D,20201013,000000,225.7000000,228.4800000,225.0600000,227.4700000,106146
US1.MCD_disappeared_874557,D,20201014,000000,228.2600000,229.4000000,227.3600000,227.5800000,76219
US1.MCD_disappeared_874557,D,20201015,000000,226.0000000,229.9600000,225.5900000,229.7000000,84072
US1.MCD_disappeared_874557,D,20201016,000000,229.9800000,231.8700000,229.3200000,229.4200000,79023
US1.MCD_disappeared_874557,D,20201019,000000,229.7600000,230.9500000,225.2100000,226.1200000,71726
US1.MCD_disappeared_874557,D,20201020,000000,227.1100000,229.9200000,226.4700000,227.4900000,91464
US1.MCD_disappeared_874557,D,20201021,000000,227.4600000,229.3400000,227.4600000,228.0800000,58644
US1.MCD_disappeared_874557,D,20201022,000000,228.0900000,229.4000000,226.9500000,229.2400000,75057
US1.MCD_disappeared_874557,D,20201023,000000,230.3400000,230.4100000,227.8500000,228.6600000,72841
US1.MCD_disappeared_874557,D,20201026,000000,226.7200000,227.1100000,221.0300000,224.3500000,98913
US1.MCD_disappeared_874557,D,20201027,000000,224.4900000,225.2000000,222.7400000,222.9900000,82214
US1.MCD_disappeared_874557,D,20201028,000000,218.2700000,220.5500000,214.5300000,214.5700000,122275
US1.MCD_disappeared_874557,D,20201029,000000,214.4400000,217.5700000,213.2200000,215.1900000,94969
US1.MCD_disappeared_874557,D,20201030,000000,213.7300000,215.2200000,210.1000000,212.9200000,143244
US1.MCD_disappeared_874557,D,20201102,000000,215.0000000,216.2600000,210.7900000,212.5600000,112060
US1.MCD_disappeared_874557,D,20201103,000000,215.1800000,218.0900000,214.1900000,216.8000000,138005
US1.MCD_disappeared_874557,D,20201104,000000,215.2200000,219.4700000,214.4100000,214.9500000,139722
US1.MCD_disappeared_874557,D,20201105,000000,216.9200000,218.2000000,214.6950000,216.4500000,127702
US1.MCD_disappeared_874557,D,20201106,000000,215.9300000,217.8500000,214.3400000,216.5900000,139453
US1.MCD_disappeared_874557,D,20201109,000000,226.9500000,226.9500000,207.8200000,213.1000000,305333
US1.MCD_disappeared_874557,D,20201110,000000,215.5700000,215.9200000,211.3800000,213.3100000,121133
US1.MCD_disappeared_874557,D,20201111,000000,214.5000000,219.2200000,214.3500000,218.0600000,125506
US1.MCD_disappeared_874557,D,20201112,000000,217.1800000,217.4900000,210.8900000,213.1200000,169468
US1.MCD_disappeared_874557,D,20201113,000000,213.5000000,214.3300000,212.3400000,213.3300000,88564
US1.MCD_disappeared_874557,D,20201116,000000,215.3100000,216.6900000,213.7200000,216.6900000,143952
US1.MCD_disappeared_874557,D,20201117,000000,215.5900000,217.3600000,214.0800000,216.0200000,73878
US1.MCD_disappeared_874557,D,20201118,000000,216.6500000,217.7500000,215.4900000,215.6300000,70121
US1.MCD_disappeared_874557,D,20201119,000000,215.1400000,215.4400000,213.3500000,215.1900000,53483
US1.MCD_disappeared_874557,D,20201120,000000,214.8100000,215.2000000,213.6250000,214.1000000,93580
US1.MCD_disappeared_874557,D,20201123,000000,215.4700000,217.5800000,214.6900000,217.0100000,92875
US1.MCD_disappeared_874557,D,20201124,000000,218.7000000,221.2000000,218.5000000,219.8000000,143774
US1.MCD_disappeared_874557,D,20201125,000000,219.8700000,220.3900000,217.9350000,219.3700000,69976
US1.MCD_disappeared_874557,D,20201127,000000,219.2400000,219.6300000,217.6900000,218.3600000,35191
US1.MCD_disappeared_874557,D,20201130,000000,216.3400000,217.5700000,214.5000000,217.4300000,95892
US1.MCD_disappeared_874557,D,20201201,000000,218.6500000,218.7100000,215.5400000,216.1300000,154753
US1.MCD_disappeared_874557,D,20201202,000000,214.0000000,214.2300000,209.2500000,210.8050000,233955
US1.MCD_disappeared_874557,D,20201203,000000,211.1000000,213.2300000,210.5700000,211.4500000,138989
US1.MCD_disappeared_874557,D,20201204,000000,211.6000000,213.3800000,210.1100000,210.5600000,101295
US1.MCD_disappeared_874557,D,20201207,000000,208.5900000,209.1000000,206.2500000,208.8300000,131088
US1.MCD_disappeared_874557,D,20201208,000000,206.5500000,209.0600000,206.5500000,208.5100000,97055
US1.MCD_disappeared_874557,D,20201209,000000,209.3700000,209.4300000,207.3600000,208.7900000,90445
US1.MCD_disappeared_874557,D,20201210,000000,208.6400000,208.6800000,207.1100000,208.0800000,100491
US1.MCD_disappeared_874557,D,20201211,000000,207.5700000,208.7300000,206.7500000,207.7300000,78274
US1.MCD_disappeared_874557,D,20201214,000000,210.9900000,214.7200000,210.2400000,212.0000000,139678
US1.MCD_disappeared_874557,D,20201215,000000,213.3000000,216.1900000,212.8600000,214.8700000,121298
US1.MCD_disappeared_874557,D,20201216,000000,215.3100000,217.4500000,213.6700000,213.8000000,86848
US1.MCD_disappeared_874557,D,20201217,000000,215.4200000,215.7850000,213.5500000,214.2800000,89737
US1.MCD_disappeared_874557,D,20201218,000000,215.1600000,216.8000000,213.8800000,215.1000000,192397
US1.MCD_disappeared_874557,D,20201221,000000,210.6000000,212.5500000,208.0700000,211.6800000,124040
US1.MCD_disappeared_874557,D,20201222,000000,211.0000000,212.8900000,210.3700000,211.8600000,147563
US1.MCD_disappeared_874557,D,20201223,000000,212.3500000,213.4300000,211.8000000,211.9600000,46365
US1.MCD_disappeared_874557,D,20201224,000000,212.3600000,212.7400000,211.1400000,211.5100000,35245
US1.MCD_disappeared_874557,D,20201228,000000,213.2700000,214.8400000,212.2700000,214.0400000,76247
US1.MCD_disappeared_874557,D,20201229,000000,214.7500000,215.6900000,212.4900000,212.7500000,54770
US1.MCD_disappeared_874557,D,20201230,000000,212.9200000,213.0200000,211.3200000,211.7200000,41497
US1.MCD_disappeared_874557,D,20201231,000000,211.3400000,214.8900000,210.8300000,214.6300000,71832
US1.MCD_disappeared_874557,D,20210104,000000,214.2800000,214.2800000,208.3100000,210.0900000,124168
US1.MCD_disappeared_874557,D,20210105,000000,210.3900000,211.9500000,209.7500000,211.4900000,68162
US1.MCD_disappeared_874557,D,20210106,000000,211.1000000,211.6500000,209.1600000,211.0600000,94669
US1.MCD_disappeared_874557,D,20210107,000000,213.0500000,213.1000000,210.6450000,212.0500000,67651
US1.MCD_disappeared_874557,D,20210108,000000,212.8300000,216.0200000,212.4300000,215.8200000,81366
US1.MCD_disappeared_874557,D,20210111,000000,215.4000000,215.9100000,213.1400000,214.2800000,73625
US1.MCD_disappeared_874557,D,20210112,000000,213.9350000,214.0600000,210.9700000,211.6900000,94793
US1.MCD_disappeared_874557,D,20210113,000000,211.0000000,213.0500000,210.9800000,212.2200000,100641
US1.MCD_disappeared_874557,D,20210114,000000,212.0000000,212.6600000,208.0200000,208.6000000,105978
US1.MCD_disappeared_874557,D,20210115,000000,207.9900000,210.6700000,207.5000000,209.9200000,86015
US1.MCD_disappeared_874557,D,20210119,000000,210.5600000,211.0000000,207.8800000,209.1100000,88725
US1.MCD_disappeared_874557,D,20210120,000000,209.7900000,214.3700000,209.7200000,213.8300000,190024
US1.MCD_disappeared_874557,D,20210121,000000,213.9700000,215.9600000,213.3800000,213.4100000,110628
US1.MCD_disappeared_874557,D,20210122,000000,212.7500000,214.0300000,211.2800000,213.4000000,65421
US1.MCD_disappeared_874557,D,20210125,000000,212.0000000,214.0400000,210.6000000,213.3600000,95668
US1.MCD_disappeared_874557,D,20210126,000000,212.6800000,215.5000000,212.2600000,215.4600000,98480
US1.MCD_disappeared_874557,D,20210127,000000,212.4000000,212.9200000,207.0000000,207.2600000,218501
US1.MCD_disappeared_874557,D,20210128,000000,208.6300000,210.1700000,205.2500000,206.7100000,224185
US1.MCD_disappeared_874557,D,20210129,000000,205.1100000,209.3000000,203.2000000,207.9000000,159230
US1.MCD_disappeared_874557,D,20210201,000000,208.5450000,209.6400000,206.6200000,207.9400000,106216
US1.MCD_disappeared_874557,D,20210202,000000,208.3300000,212.5800000,207.7800000,209.6600000,138479
US1.MCD_disappeared_874557,D,20210203,000000,208.6150000,209.9400000,208.0800000,208.8400000,100564
US1.MCD_disappeared_874557,D,20210204,000000,209.6650000,212.1000000,208.6900000,211.0200000,129991
US1.MCD_disappeared_874557,D,20210205,000000,212.3850000,214.1600000,212.0500000,212.5700000,106484
US1.MCD_disappeared_874557,D,20210208,000000,212.5300000,212.5300000,209.9600000,211.6300000,107467
US1.MCD_disappeared_874557,D,20210209,000000,212.1200000,216.1800000,211.9700000,216.0000000,132760
US1.MCD_disappeared_874557,D,20210210,000000,216.6400000,217.2100000,213.8100000,214.0400000,148520
US1.MCD_disappeared_874557,D,20210211,000000,214.5500000,214.7900000,212.5000000,214.2600000,101947
US1.MCD_disappeared_874557,D,20210212,000000,214.2700000,214.7000000,213.0000000,213.9200000,130695
US1.MCD_disappeared_874557,D,20210216,000000,214.1600000,216.9200000,213.9200000,215.0900000,117620
US1.MCD_disappeared_874557,D,20210217,000000,213.9300000,214.8900000,212.7000000,213.4000000,106650
US1.MCD_disappeared_874557,D,20210218,000000,213.2600000,215.8200000,212.8800000,215.3500000,90611
US1.MCD_disappeared_874557,D,20210219,000000,215.0400000,215.6500000,212.0000000,212.1800000,119744
US1.MCD_disappeared_874557,D,20210222,000000,211.8150000,212.9800000,209.7600000,212.0300000,123174
US1.MCD_disappeared_874557,D,20210223,000000,214.2400000,215.7000000,210.5800000,211.2500000,125851
US1.MCD_disappeared_874557,D,20210224,000000,210.9000000,214.0400000,210.4800000,213.3100000,86230
US1.MCD_disappeared_874557,D,20210225,000000,212.6600000,212.8400000,209.8000000,211.0100000,107203
US1.MCD_disappeared_874557,D,20210226,000000,210.5100000,211.6200000,206.1500000,206.1500000,214733
US1.MCD_disappeared_874557,D,20210301,000000,207.7100000,210.3000000,207.7100000,208.2100000,116485
US1.MCD_disappeared_874557,D,20210302,000000,208.1400000,209.8900000,206.2000000,208.5600000,91155
US1.MCD_disappeared_874557,D,20210303,000000,207.6100000,208.8800000,205.7100000,205.8000000,101828
US1.MCD_disappeared_874557,D,20210304,000000,206.6500000,207.3400000,202.7700000,204.7700000,157141
US1.MCD_disappeared_874557,D,20210305,000000,205.8200000,208.2200000,203.0600000,207.4500000,143450
US1.MCD_disappeared_874557,D,20210308,000000,207.6800000,210.5900000,207.2400000,209.1400000,161009
US1.MCD_disappeared_874557,D,20210309,000000,209.5000000,211.1000000,208.5400000,208.5450000,125881
US1.MCD_disappeared_874557,D,20210310,000000,208.6600000,213.5700000,208.4200000,213.3200000,143930
US1.MCD_disappeared_874557,D,20210311,000000,214.0000000,215.1400000,211.4900000,211.5800000,179300
US1.MCD_disappeared_874557,D,20210312,000000,212.4200000,214.1800000,211.6500000,212.3200000,108748
US1.MCD_disappeared_874557,D,20210315,000000,213.9600000,220.5100000,213.5500000,220.3800000,259742
US1.MCD_disappeared_874557,D,20210316,000000,219.5600000,221.2900000,217.1900000,219.8800000,199078
US1.MCD_disappeared_874557,D,20210317,000000,224.0000000,224.8700000,221.0100000,224.1200000,362830
US1.MCD_disappeared_874557,D,20210318,000000,223.4950000,225.2600000,221.4600000,223.0300000,158297
US1.MCD_disappeared_874557,D,20210319,000000,223.0000000,225.1500000,221.2500000,222.4900000,228863
US1.MCD_disappeared_874557,D,20210322,000000,223.3900000,226.8800000,222.8600000,225.0600000,125836
US1.MCD_disappeared_874557,D,20210323,000000,224.2200000,226.3500000,223.7700000,224.3300000,114373
US1.MCD_disappeared_874557,D,20210324,000000,225.0600000,227.0000000,224.0500000,224.1000000,95123
US1.MCD_disappeared_874557,D,20210325,000000,224.8750000,224.9200000,222.4400000,224.2600000,99821
US1.MCD_disappeared_874557,D,20210326,000000,224.0000000,225.2600000,222.4600000,225.2400000,126545
US1.MCD_disappeared_874557,D,20210329,000000,225.3600000,227.8300000,224.3300000,227.4700000,145365
US1.MCD_disappeared_874557,D,20210330,000000,226.3400000,226.8600000,224.2500000,224.9900000,73577
US1.MCD_disappeared_874557,D,20210331,000000,224.4200000,226.4400000,224.0200000,224.0200000,125566
US1.MCD_disappeared_874557,D,20210401,000000,224.2000000,226.1700000,223.3000000,225.1600000,73137
US1.MCD_disappeared_874557,D,20210405,000000,226.6100000,229.5000000,226.6100000,228.8300000,127513
US1.MCD_disappeared_874557,D,20210406,000000,229.6000000,232.2500000,228.7800000,231.8800000,145446
US1.MCD_disappeared_874557,D,20210407,000000,232.0700000,232.8100000,231.2800000,232.6900000,118331
US1.MCD_disappeared_874557,D,20210408,000000,232.7200000,232.7200000,229.3000000,230.2300000,113972
US1.MCD_disappeared_874557,D,20210409,000000,230.4000000,231.5900000,228.8800000,231.5900000,93792
US1.MCD_disappeared_874557,D,20210412,000000,231.5200000,232.3200000,230.5000000,230.9300000,67075
US1.MCD_disappeared_874557,D,20210413,000000,230.5000000,231.6600000,229.8200000,231.4500000,59894
US1.MCD_disappeared_874557,D,20210414,000000,231.0000000,231.1600000,229.6400000,230.1500000,112626
US1.MCD_disappeared_874557,D,20210415,000000,230.1400000,231.2800000,229.2100000,231.2800000,51049
US1.MCD_disappeared_874557,D,20210416,000000,233.5700000,234.1900000,232.3500000,233.0900000,74098
US1.MCD_disappeared_874557,D,20210419,000000,233.2600000,233.2600000,230.9300000,231.8400000,78886
US1.MCD_disappeared_874557,D,20210420,000000,231.9300000,233.2000000,231.9200000,233.0100000,68761
US1.MCD_disappeared_874557,D,20210421,000000,233.4200000,233.8500000,231.8500000,232.2700000,51325
US1.MCD_disappeared_874557,D,20210422,000000,232.6200000,234.0300000,232.0000000,232.9300000,59889
US1.MCD_disappeared_874557,D,20210423,000000,233.6300000,235.1300000,233.2400000,234.5700000,66624
US1.MCD_disappeared_874557,D,20210426,000000,234.7500000,235.1800000,231.9200000,232.3100000,62843
US1.MCD_disappeared_874557,D,20210427,000000,232.5400000,235.6000000,232.5400000,235.0200000,92149
US1.MCD_disappeared_874557,D,20210428,000000,235.2800000,235.2800000,232.3300000,232.4300000,70770
US1.MCD_disappeared_874557,D,20210429,000000,234.2100000,235.7800000,232.7300000,235.1300000,75856
US1.MCD_disappeared_874557,D,20210430,000000,234.8500000,236.2900000,234.0400000,236.0200000,55422
US1.MCD_disappeared_874557,D,20210503,000000,237.6950000,238.1800000,235.4000000,235.4600000,77377
US1.MCD_disappeared_874557,D,20210504,000000,234.9400000,235.9500000,233.2700000,233.7500000,62973
US1.MCD_disappeared_874557,D,20210505,000000,234.5000000,235.3500000,231.6900000,235.0700000,42870
US1.MCD_disappeared_874557,D,20210506,000000,235.2100000,235.5300000,233.1900000,234.8500000,45835
US1.MCD_disappeared_874557,D,20210507,000000,234.2200000,235.7100000,234.1600000,234.8500000,29975
US1.MCD_disappeared_874557,D,20210510,000000,235.5800000,237.9200000,235.5800000,237.1000000,72547
US1.MCD_disappeared_874557,D,20210511,000000,237.4000000,237.4200000,232.3000000,233.8500000,91667
US1.MCD_disappeared_874557,D,20210512,000000,231.4600000,233.4000000,227.5950000,227.8400000,95854
US1.MCD_disappeared_874557,D,20210513,000000,228.0200000,230.9950000,228.0200000,229.8900000,55914
US1.MCD_disappeared_874557,D,20210514,000000,230.6700000,232.5700000,230.5400000,231.7900000,34363
US1.MCD_disappeared_874557,D,20210517,000000,231.8200000,232.2500000,230.3400000,231.7300000,30954
US1.MCD_disappeared_874557,D,20210518,000000,231.7100000,233.1450000,231.7100000,231.8800000,72410
US1.MCD_disappeared_874557,D,20210519,000000,230.1700000,230.2900000,228.1800000,230.1000000,100074
US1.MCD_disappeared_874557,D,20210520,000000,230.8500000,234.0000000,230.8300000,232.0200000,42705
US1.MCD_disappeared_874557,D,20210521,000000,232.7900000,233.4000000,230.3100000,231.1500000,52406
US1.MCD_disappeared_874557,D,20210524,000000,232.0400000,232.5400000,231.1400000,232.4000000,33848
US1.MCD_disappeared_874557,D,20210525,000000,232.0150000,232.7100000,230.7300000,232.1000000,56119
US1.MCD_disappeared_874557,D,20210526,000000,232.8500000,233.4800000,232.2000000,232.3400000,27524
US1.MCD_disappeared_874557,D,20210527,000000,233.1600000,235.0500000,232.4400000,234.7700000,96386
US1.MCD_disappeared_874557,D,20210528,000000,233.5100000,234.3600000,232.5100000,233.8700000,81800
US1.MCD_disappeared_874557,D,20210601,000000,235.3900000,235.3900000,232.7600000,233.3100000,68581
US1.MCD_disappeared_874557,D,20210602,000000,233.3500000,234.3000000,232.8700000,233.7800000,40143
US1.MCD_disappeared_874557,D,20210603,000000,232.2200000,232.7300000,230.2100000,232.4400000,35283
US1.MCD_disappeared_874557,D,20210604,000000,233.3200000,233.6600000,232.1000000,233.4100000,38920
US1.MCD_disappeared_874557,D,20210607,000000,233.4600000,233.9400000,231.1800000,231.7300000,50408
US1.MCD_disappeared_874557,D,20210608,000000,231.6600000,233.9500000,231.4500000,232.6750000,48098
US1.MCD_disappeared_874557,D,20210609,000000,232.7100000,234.2800000,231.5100000,231.5100000,46257
US1.MCD_disappeared_874557,D,20210610,000000,231.9400000,234.8800000,231.9400000,234.6600000,51809
US1.MCD_disappeared_874557,D,20210611,000000,235.1600000,237.4500000,235.1400000,236.9700000,91088
US1.MCD_disappeared_874557,D,20210614,000000,237.0900000,237.6850000,234.8400000,237.0000000,41809
US1.MCD_disappeared_874557,D,20210615,000000,237.5200000,237.6900000,235.8400000,236.1800000,40310
US1.MCD_disappeared_874557,D,20210616,000000,236.4500000,237.1600000,233.7800000,235.5800000,62817
US1.MCD_disappeared_874557,D,20210617,000000,235.0950000,236.0900000,233.4000000,233.8200000,42848
US1.MCD_disappeared_874557,D,20210618,000000,231.8300000,232.1800000,228.8500000,229.5600000,118650
US1.MCD_disappeared_874557,D,20210621,000000,229.9300000,233.1800000,229.5900000,232.9000000,69833
US1.MCD_disappeared_874557,D,20210622,000000,233.2100000,234.8600000,232.5100000,233.8300000,52738
US1.MCD_disappeared_874557,D,20210623,000000,233.7900000,234.4100000,232.7000000,233.2700000,44359
US1.MCD_disappeared_874557,D,20210624,000000,233.8200000,235.0700000,232.7500000,233.3000000,64681
US1.MCD_disappeared_874557,D,20210625,000000,232.8900000,233.4100000,232.4100000,232.4700000,60370
US1.MCD_disappeared_874557,D,20210628,000000,232.6800000,232.6800000,230.0300000,231.0800000,73972
US1.MCD_disappeared_874557,D,20210629,000000,230.7900000,231.2900000,230.0700000,230.3600000,56134
US1.MCD_disappeared_874557,D,20210630,000000,230.8500000,232.1900000,230.6200000,231.0100000,73225
US1.MCD_disappeared_874557,D,20210701,000000,231.4650000,232.3200000,230.9100000,232.2900000,78003
US1.MCD_disappeared_874557,D,20210702,000000,232.9600000,234.1000000,232.5100000,233.6500000,38954
US1.MCD_disappeared_874557,D,20210706,000000,233.5300000,233.8700000,231.0300000,232.7900000,41539
US1.MCD_disappeared_874557,D,20210707,000000,232.2200000,234.9200000,231.9400000,234.6200000,53854
US1.MCD_disappeared_874557,D,20210708,000000,233.0200000,233.8000000,232.0100000,232.8800000,86345
US1.MCD_disappeared_874557,D,20210709,000000,233.6500000,236.2300000,233.1700000,235.7500000,71202
US1.MCD_disappeared_874557,D,20210712,000000,235.2000000,236.1200000,234.5600000,235.5800000,50259
US1.MCD_disappeared_874557,D,20210713,000000,235.3400000,237.4300000,235.2500000,236.1900000,77121
US1.MCD_disappeared_874557,D,20210714,000000,236.9300000,238.9650000,236.7600000,237.1500000,82314
US1.MCD_disappeared_874557,D,20210715,000000,236.9000000,236.9300000,234.9700000,236.9300000,63339
US1.MCD_disappeared_874557,D,20210716,000000,237.4700000,237.7700000,234.4500000,234.6900000,60458
US1.MCD_disappeared_874557,D,20210719,000000,232.6200000,232.9700000,226.4600000,229.1300000,174356
US1.MCD_disappeared_874557,D,20210720,000000,231.0200000,235.5100000,230.3200000,234.1800000,114253
US1.MCD_disappeared_874557,D,20210721,000000,235.9400000,238.0200000,235.2800000,235.8400000,55015
US1.MCD_disappeared_874557,D,20210722,000000,235.8600000,239.6750000,235.2600000,238.6400000,89787
US1.MCD_disappeared_874557,D,20210723,000000,239.8400000,245.0000000,239.8400000,242.8700000,207583
US1.MCD_disappeared_874557,D,20210726,000000,242.0700000,244.4550000,242.0700000,243.8800000,66396
US1.MCD_disappeared_874557,D,20210727,000000,244.2200000,247.0000000,244.1800000,246.8350000,80320
US1.MCD_disappeared_874557,D,20210728,000000,242.6200000,243.8000000,239.3900000,241.7350000,153367
US1.MCD_disappeared_874557,D,20210729,000000,243.4650000,245.1700000,243.3200000,244.0700000,98740
US1.MCD_disappeared_874557,D,20210730,000000,243.8400000,245.3500000,242.6100000,242.7800000,78431
US1.MCD_disappeared_874557,D,20210802,000000,243.3200000,244.2700000,239.7200000,240.1100000,96362
US1.MCD_disappeared_874557,D,20210803,000000,239.6400000,239.6400000,235.2500000,236.9500000,114666
US1.MCD_disappeared_874557,D,20210804,000000,236.0600000,236.6000000,233.1100000,234.8700000,74488
US1.MCD_disappeared_874557,D,20210805,000000,235.6500000,236.7500000,234.3500000,236.4000000,88317
US1.MCD_disappeared_874557,D,20210806,000000,236.5800000,237.0400000,235.7200000,236.2500000,48694
US1.MCD_disappeared_874557,D,20210809,000000,235.8600000,235.8600000,234.0500000,234.7000000,45122
US1.MCD_disappeared_874557,D,20210810,000000,234.2150000,234.7900000,233.2600000,233.4100000,51075
US1.MCD_disappeared_874557,D,20210811,000000,234.1200000,235.8900000,233.8800000,235.5400000,66960
US1.MCD_disappeared_874557,D,20210812,000000,235.9950000,236.7600000,235.1400000,236.7100000,41969
US1.MCD_disappeared_874557,D,20210813,000000,236.4800000,238.8900000,236.4000000,238.7800000,64012
US1.MCD_disappeared_874557,D,20210816,000000,238.9600000,241.0100000,238.6500000,241.0000000,78113
US1.MCD_disappeared_874557,D,20210817,000000,240.4600000,240.8000000,238.2600000,240.2600000,58045
US1.MCD_disappeared_874557,D,20210818,000000,238.5200000,239.5800000,237.8400000,237.9700000,58507
US1.MCD_disappeared_874557,D,20210819,000000,236.8300000,237.9900000,236.1000000,237.1500000,42974
US1.MCD_disappeared_874557,D,20210820,000000,237.1400000,239.3400000,236.4800000,238.5600000,37427
US1.MCD_disappeared_874557,D,20210823,000000,239.3150000,240.0500000,238.0300000,239.7000000,51506
US1.MCD_disappeared_874557,D,20210824,000000,240.0600000,240.1300000,238.3600000,238.4000000,39482
US1.MCD_disappeared_874557,D,20210825,000000,238.2700000,239.5800000,238.0700000,238.8300000,34350
US1.MCD_disappeared_874557,D,20210826,000000,238.6900000,238.7050000,235.9500000,236.9600000,99697
US1.MCD_disappeared_874557,D,20210827,000000,237.0100000,238.3300000,236.6400000,237.5300000,40261
US1.MCD_disappeared_874557,D,20210830,000000,236.7100000,237.6700000,235.9800000,236.5900000,54485
US1.MCD_disappeared_874557,D,20210831,000000,235.7500000,237.7300000,234.7300000,237.4300000,80190
US1.MCD_disappeared_874557,D,20210901,000000,237.6000000,239.0300000,237.2900000,238.0900000,52891
US1.MCD_disappeared_874557,D,20210902,000000,239.2100000,239.9400000,238.4100000,239.8600000,69808
US1.MCD_disappeared_874557,D,20210903,000000,238.6800000,239.6000000,237.5400000,238.8100000,40676
US1.MCD_disappeared_874557,D,20210907,000000,237.9500000,237.9500000,236.0400000,236.2200000,48455
US1.MCD_disappeared_874557,D,20210908,000000,236.7200000,239.4100000,236.4650000,238.5400000,50399
US1.MCD_disappeared_874557,D,20210909,000000,238.0100000,241.3400000,238.0100000,238.5600000,82526
US1.MCD_disappeared_874557,D,20210910,000000,240.5800000,241.2100000,239.0700000,239.2400000,105898
US1.MCD_disappeared_874557,D,20210913,000000,240.3800000,241.7000000,239.8700000,241.2300000,76662
US1.MCD_disappeared_874557,D,20210914,000000,241.7000000,242.1400000,239.5000000,241.0700000,66000
US1.MCD_disappeared_874557,D,20210915,000000,240.1700000,241.2600000,238.2900000,241.0000000,40709
US1.MCD_disappeared_874557,D,20210916,000000,240.5000000,243.5800000,240.1900000,243.2600000,119230
US1.MCD_disappeared_874557,D,20210917,000000,243.1900000,244.6000000,241.9000000,242.4200000,116381
US1.MCD_disappeared_874557,D,20210920,000000,239.8500000,241.8000000,236.6400000,239.0200000,109224
US1.MCD_disappeared_874557,D,20210921,000000,240.0500000,242.3500000,239.5600000,240.6100000,64011
US1.MCD_disappeared_874557,D,20210922,000000,241.4800000,245.8200000,241.4800000,243.1800000,158024
US1.MCD_disappeared_874557,D,20210923,000000,244.8200000,245.9000000,243.5700000,244.8500000,91692
US1.MCD_disappeared_874557,D,20210924,000000,246.2000000,247.2800000,245.2700000,246.4200000,74707
US1.MCD_disappeared_874557,D,20210927,000000,245.6400000,248.8600000,245.5400000,248.0600000,106236
US1.MCD_disappeared_874557,D,20210928,000000,247.2800000,247.4800000,242.9600000,243.7800000,103002
US1.MCD_disappeared_874557,D,20210929,000000,244.4850000,245.7100000,243.2100000,244.2600000,45540
US1.MCD_disappeared_874557,D,20210930,000000,244.7200000,245.3200000,241.0700000,241.1000000,132222
US1.MCD_disappeared_874557,D,20211001,000000,242.4700000,244.6100000,240.2500000,242.8900000,55509
US1.MCD_disappeared_874557,D,20211004,000000,243.8750000,244.6900000,241.9600000,243.0400000,70580
US1.MCD_disappeared_874557,D,20211005,000000,243.2000000,246.8200000,243.1900000,245.1600000,100923
US1.MCD_disappeared_874557,D,20211006,000000,245.1400000,247.1300000,243.1100000,247.1100000,67618
US1.MCD_disappeared_874557,D,20211007,000000,247.9700000,249.8700000,247.9700000,248.3600000,96111
US1.MCD_disappeared_874557,D,20211008,000000,248.2400000,249.6200000,247.1300000,247.6500000,65845
US1.MCD_disappeared_874557,D,20211011,000000,248.4500000,249.0900000,246.4700000,246.6200000,46352
US1.MCD_disappeared_874557,D,20211012,000000,248.6000000,248.6000000,244.2000000,244.5000000,62915
US1.MCD_disappeared_874557,D,20211013,000000,243.2800000,243.2800000,239.9400000,242.6100000,110176
US1.MCD_disappeared_874557,D,20211014,000000,242.8700000,245.3700000,242.2900000,244.5700000,119934
US1.MCD_disappeared_874557,D,20211015,000000,245.2300000,246.3800000,242.0200000,242.0700000,86386
US1.MCD_disappeared_874557,D,20211018,000000,242.0500000,243.4000000,241.2100000,242.2100000,70519
US1.MCD_disappeared_874557,D,20211019,000000,242.8300000,243.8500000,241.6000000,242.8400000,59073
US1.MCD_disappeared_874557,D,20211020,000000,241.2300000,242.5900000,239.2900000,239.6900000,73841
US1.MCD_disappeared_874557,D,20211021,000000,240.0900000,241.8900000,239.4700000,241.4100000,58727
US1.MCD_disappeared_874557,D,20211022,000000,241.2700000,242.2400000,238.0300000,238.4400000,133490
US1.MCD_disappeared_874557,D,20211025,000000,239.1100000,239.1100000,236.5800000,237.4200000,93503
US1.MCD_disappeared_874557,D,20211026,000000,237.2700000,238.3200000,236.2100000,236.3450000,91990
US1.MCD_disappeared_874557,D,20211027,000000,241.2300000,244.5100000,239.1700000,242.8500000,192786
US1.MCD_disappeared_874557,D,20211028,000000,243.3100000,246.0800000,242.6600000,245.4800000,144146
US1.MCD_disappeared_874557,D,20211029,000000,243.0200000,246.0900000,242.7500000,245.5300000,101603
US1.MCD_disappeared_874557,D,20211101,000000,245.6900000,251.6800000,245.6900000,250.6000000,200536
US1.MCD_disappeared_874557,D,20211102,000000,251.6300000,252.0500000,248.2200000,249.1700000,99496
US1.MCD_disappeared_874557,D,20211103,000000,248.5800000,251.1000000,248.2700000,250.4400000,63929
US1.MCD_disappeared_874557,D,20211104,000000,251.5700000,254.1700000,250.4500000,253.5100000,106320
US1.MCD_disappeared_874557,D,20211105,000000,255.3100000,257.5300000,254.6800000,254.7100000,136670
US1.MCD_disappeared_874557,D,20211108,000000,254.6000000,255.3900000,251.9500000,253.0600000,72766
US1.MCD_disappeared_874557,D,20211109,000000,252.6500000,253.6700000,250.4900000,252.6200000,62587
US1.MCD_disappeared_874557,D,20211110,000000,252.3300000,253.7000000,251.2200000,253.1400000,55505
US1.MCD_disappeared_874557,D,20211111,000000,252.6700000,252.9200000,249.2600000,250.1500000,73750
US1.MCD_disappeared_874557,D,20211112,000000,250.4100000,250.9800000,249.0500000,250.7300000,35799
US1.MCD_disappeared_874557,D,20211115,000000,250.6700000,253.7600000,250.6700000,252.9600000,60321
US1.MCD_disappeared_874557,D,20211116,000000,253.6200000,253.8300000,252.3800000,252.5150000,46031
US1.MCD_disappeared_874557,D,20211117,000000,252.8400000,253.1100000,250.7200000,252.7100000,32068
US1.MCD_disappeared_874557,D,20211118,000000,253.2100000,253.4800000,251.1300000,253.4800000,41587
US1.MCD_disappeared_874557,D,20211119,000000,253.0200000,253.0200000,250.3200000,251.9500000,62567
US1.MCD_disappeared_874557,D,20211122,000000,252.6700000,255.4300000,252.6700000,253.4900000,86929
US1.MCD_disappeared_874557,D,20211123,000000,254.5400000,255.7900000,253.0500000,255.6200000,81685
US1.MCD_disappeared_874557,D,20211124,000000,255.4200000,257.7100000,255.0600000,257.0800000,89137
US1.MCD_disappeared_874557,D,20211126,000000,251.7150000,252.5100000,248.3000000,250.1500000,77545
US1.MCD_disappeared_874557,D,20211129,000000,251.3300000,252.2600000,250.0200000,250.3500000,48188
US1.MCD_disappeared_874557,D,20211130,000000,246.9850000,247.8600000,244.0300000,244.4800000,88546
US1.MCD_disappeared_874557,D,20211201,000000,246.0300000,250.7600000,244.2000000,244.2000000,78030
US1.MCD_disappeared_874557,D,20211202,000000,246.4000000,250.2700000,246.2700000,248.7200000,68336
US1.MCD_disappeared_874557,D,20211203,000000,250.3300000,250.4600000,247.5700000,249.2700000,53788
US1.MCD_disappeared_874557,D,20211206,000000,252.6400000,256.9000000,252.6400000,255.8600000,112921
US1.MCD_disappeared_874557,D,20211207,000000,256.7900000,260.3000000,256.7900000,259.9000000,55772
US1.MCD_disappeared_874557,D,20211208,000000,260.6700000,262.7200000,259.1000000,259.5600000,81900
US1.MCD_disappeared_874557,D,20211209,000000,258.9100000,263.0400000,258.4900000,262.3900000,88574
US1.MCD_disappeared_874557,D,20211210,000000,263.9900000,265.2500000,262.4600000,264.9350000,92137
US1.MCD_disappeared_874557,D,20211213,000000,264.6900000,265.8600000,262.4500000,263.1200000,74958
US1.MCD_disappeared_874557,D,20211214,000000,262.8300000,263.5000000,261.7700000,262.5700000,77551
US1.MCD_disappeared_874557,D,20211215,000000,261.9600000,265.6700000,261.5900000,264.5550000,61291
US1.MCD_disappeared_874557,D,20211216,000000,265.2100000,266.8700000,264.2400000,265.4400000,63671
US1.MCD_disappeared_874557,D,20211217,000000,264.2200000,264.5900000,260.9700000,261.7200000,81664
US1.MCD_disappeared_874557,D,20211220,000000,259.3600000,261.9400000,258.5400000,261.7200000,46677
US1.MCD_disappeared_874557,D,20211221,000000,264.2300000,266.2400000,263.6000000,264.4050000,58159
US1.MCD_disappeared_874557,D,20211222,000000,264.1000000,265.3100000,264.1000000,264.9400000,23804
US1.MCD_disappeared_874557,D,20211223,000000,266.7700000,267.2800000,265.4600000,265.9400000,26554
US1.MCD_disappeared_874557,D,20211227,000000,266.8800000,268.2200000,266.0100000,268.2200000,32401
US1.MCD_disappeared_874557,D,20211228,000000,268.1400000,269.0800000,267.5300000,267.9200000,38231
US1.MCD_disappeared_874557,D,20211229,000000,268.2800000,269.6500000,268.0800000,268.5000000,51622
US1.MCD_disappeared_874557,D,20211230,000000,268.7200000,268.9400000,266.7600000,267.2000000,79333
US1.MCD_disappeared_874557,D,20211231,000000,268.0900000,269.0500000,267.2550000,268.0500000,48635
